{"cameraMode":{"drawMode":0,"name":"Shaded","section":"Shading Mode"},"sceneLighting":false,"audioPlay":false,"sceneViewState":{"m_AlwaysRefresh":false,"showFog":true,"showSkybox":false,"showFlares":true,"showImageEffects":true,"showParticleSystems":true,"showVisualEffectGraphs":true,"m_FxEnabled":true},"in2DMode":false,"pivot":{"x":-4.000052452087402,"y":1.6306692361831666,"z":0.000030040740966796875},"rotation":{"x":0.11523585021495819,"y":-0.013412298634648323,"z":0.001539522549137473,"w":0.9932661056518555},"size":0.8835169076919556,"orthographic":false}