{"cameraMode":{"drawMode":0,"name":"Shaded","section":"Shading Mode"},"sceneLighting":false,"audioPlay":false,"sceneViewState":{"m_AlwaysRefresh":false,"showFog":true,"showSkybox":false,"showFlares":true,"showImageEffects":true,"showParticleSystems":true,"showVisualEffectGraphs":true,"m_FxEnabled":true},"in2DMode":false,"pivot":{"x":-2.8499999046325685,"y":2.0145440101623537,"z":-0.03980302810668945},"rotation":{"x":0.10182581841945648,"y":-0.0014940019464120269,"z":0.00014153959637042135,"w":0.9948261380195618},"size":0.8932986259460449,"orthographic":false}